{
	"result": "SUCCESS",
	"SOS": [
		[116.423347,39.908279]
	],
	"rail": [
		[116.400709,39.911755],
		[116.387491,39.89806],
		[116.403799,39.886074],
		[116.423368,39.880542],
		[116.42663,39.889499],
		[116.451692,39.885943],
		[116.469373,39.890948],
		[116.457872,39.912281],
		[116.422338,39.918865],
		[116.409464,39.916626]
	],
	"status": [
		[116.484337,39.908138],
		[116.424561,39.908287],
		[116.429459,39.90839]
	],
	"lnglat": [
		[116.406937,39.9063],
		[116.406807,39.907856],
		[116.407486,39.907875],
		[116.408073,39.90789],
		[116.408302,39.907898],
		[116.409271,39.907925],
		[116.411423,39.908001],
		[116.413383,39.908043],
		[116.415642,39.9081],
		[116.416077,39.908104],
		[116.4179,39.908173],
		[116.418121,39.90818],
		[116.420853,39.908237],
		[116.421219,39.908245],
		[116.422356,39.908264],
		[116.42292,39.908272],
		[116.423347,39.908279],
		[116.423454,39.908279],
		[116.424507,39.908287],
		[116.424561,39.908287],
		[116.425194,39.908298],
		[116.426964,39.908337],
		[116.427132,39.90834],
		[116.427376,39.90834],
		[116.428978,39.908367],
		[116.429077,39.908371],
		[116.42939,39.908386],
		[116.429459,39.90839],
		[116.430206,39.908398],
		[116.431145,39.908421],
		[116.432259,39.908443],
		[116.432259,39.908443],
		[116.434898,39.908512],
		[116.435402,39.908508],
		[116.43573,39.908504],
		[116.436058,39.908493],
		[116.436707,39.908493],
		[116.438591,39.908485],
		[116.439529,39.908478],
		[116.440964,39.908474],
		[116.441025,39.908466],
		[116.442863,39.908436],
		[116.443207,39.908443],
		[116.443794,39.908443],
		[116.443871,39.908443],
		[116.444496,39.908428],
		[116.445969,39.908421],
		[116.446945,39.908417],
		[116.447578,39.908405],
		[116.450226,39.908398],
		[116.450363,39.908394],
		[116.451523,39.908386],
		[116.453529,39.908363],
		[116.45475,39.90836],
		[116.455727,39.90836],
		[116.456062,39.90836],
		[116.457283,39.908356],
		[116.457596,39.908352],
		[116.458855,39.908333],
		[116.459251,39.908337],
		[116.460693,39.908318],
		[116.461388,39.908325],
		[116.462204,39.908306],
		[116.462807,39.908298],
		[116.465843,39.908291],
		[116.466248,39.908287],
		[116.467621,39.908268],
		[116.470444,39.908241],
		[116.470779,39.908237],
		[116.472984,39.90823],
		[116.474182,39.908203],
		[116.477966,39.908173],
		[116.481995,39.908161],
		[116.483421,39.908142],
		[116.483597,39.908146],
		[116.484337,39.908138],
		[116.486092,39.908108],
		[116.486481,39.908104],
		[116.486481,39.908104],
		[116.486839,39.907982],
		[116.487122,39.907902],
		[116.487328,39.907822],
		[116.487465,39.907757],
		[116.48793,39.90749],
		[116.488182,39.907257],
		[116.48835,39.907082],
		[116.488831,39.90654],
		[116.489159,39.906151],
		[116.489281,39.906067],
		[116.489403,39.90583],
		[116.489441,39.905712],
		[116.489479,39.905537],
		[116.489525,39.905304],
		[116.489563,39.905083],
		[116.489601,39.904991],
		[116.489685,39.904861],
		[116.489685,39.904495],
		[116.489662,39.903206],
		[116.489662,39.897503],
		[116.489662,39.896103],
		[116.489647,39.893353],
		[116.489655,39.893055],
		[116.489655,39.889648],
		[116.489647,39.888016],
		[116.489647,39.887493],
		[116.489647,39.886463],
		[116.489647,39.884575],
		[116.489647,39.884232],
		[116.489655,39.883251],
		[116.489662,39.882622],
		[116.489662,39.881714],
		[116.489632,39.880226],
		[116.489616,39.878868],
		[116.489616,39.878422],
		[116.489594,39.877911],
		[116.489532,39.876965]
	]
}
	
